Fecha,Hora,Frecuencia cardiaca,Origen
2026.09.11 00:00:00,00:00:00,62,
2026.09.11 00:10:00,00:10:00,49,
2026.09.11 00:20:00,00:20:00,49,
2026.09.11 00:30:00,00:30:00,52,
2026.09.11 00:40:00,00:40:00,48,
2026.09.11 00:41:00,00:41:00,49,
2026.09.11 00:50:00,00:50:00,49,
2026.09.11 00:51:00,00:51:00,50,
2026.09.11 01:00:00,01:00:00,47,
2026.09.11 01:01:00,01:01:00,45,
2026.09.11 01:11:00,01:11:00,49,
2026.09.11 01:12:00,01:12:00,50,
2026.09.11 01:20:00,01:20:00,47,
2026.09.11 01:21:00,01:21:00,48,
2026.09.11 01:30:00,01:30:00,51,
2026.09.11 01:31:00,01:31:00,50,
2026.09.11 01:40:00,01:40:00,47,
2026.09.11 01:41:00,01:41:00,49,
2026.09.11 01:50:00,01:50:00,50,
2026.09.11 01:51:00,01:51:00,51,
2026.09.11 02:00:00,02:00:00,42,
2026.09.11 02:01:00,02:01:00,46,
2026.09.11 02:10:00,02:10:00,46,
2026.09.11 02:11:00,02:11:00,53,
2026.09.11 02:20:00,02:20:00,48,
2026.09.11 02:21:00,02:21:00,53,
2026.09.11 02:30:00,02:30:00,49,
2026.09.11 02:31:00,02:31:00,51,
2026.09.11 02:40:00,02:40:00,48,
2026.09.11 02:41:00,02:41:00,48,
2026.09.11 02:50:00,02:50:00,49,
2026.09.11 02:51:00,02:51:00,49,
2026.09.11 03:00:00,03:00:00,50,
2026.09.11 03:01:00,03:01:00,46,
2026.09.11 03:10:00,03:10:00,48,
2026.09.11 03:11:00,03:11:00,48,
2026.09.11 03:20:00,03:20:00,47,
2026.09.11 03:21:00,03:21:00,49,
2026.09.11 03:30:00,03:30:00,48,
2026.09.11 03:31:00,03:31:00,48,
2026.09.11 03:40:00,03:40:00,50,
2026.09.11 03:41:00,03:41:00,50,
2026.09.11 03:50:00,03:50:00,49,
2026.09.11 03:51:00,03:51:00,49,
2026.09.11 04:00:00,04:00:00,56,
2026.09.11 04:01:00,04:01:00,50,
2026.09.11 04:10:00,04:10:00,51,
2026.09.11 04:11:00,04:11:00,51,
2026.09.11 04:20:00,04:20:00,48,
2026.09.11 04:21:00,04:21:00,48,
2026.09.11 04:30:00,04:30:00,50,
2026.09.11 04:31:00,04:31:00,50,
2026.09.11 04:38:00,04:38:00,66,
2026.09.11 04:39:00,04:39:00,95,
2026.09.11 04:40:00,04:40:00,51,
2026.09.11 04:41:00,04:41:00,47,
2026.09.11 04:50:00,04:50:00,48,
2026.09.11 04:51:00,04:51:00,48,
2026.09.11 04:54:00,04:54:00,47,
2026.09.11 05:00:00,05:00:00,50,
2026.09.11 05:01:00,05:01:00,48,
2026.09.11 05:03:00,05:03:00,51,
2026.09.11 05:10:00,05:10:00,47,
2026.09.11 05:26:00,05:26:00,52,
2026.09.11 05:30:00,05:30:00,44,
2026.09.11 05:40:00,05:40:00,49,
2026.09.11 05:50:00,05:50:00,50,
2026.09.11 06:00:00,06:00:00,47,
2026.09.11 06:01:00,06:01:00,71,
2026.09.11 06:10:00,06:10:00,48,
2026.09.11 06:12:00,06:12:00,78,
2026.09.11 06:15:00,06:15:00,76,
2026.09.11 06:20:00,06:20:00,49,
2026.09.11 06:30:00,06:30:00,49,
2026.09.11 06:40:00,06:40:00,48,
2026.09.11 06:44:00,06:44:00,75,
2026.09.11 06:48:00,06:48:00,55,
2026.09.11 06:50:00,06:50:00,47,
2026.09.11 06:52:00,06:52:00,74,
2026.09.11 06:53:00,06:53:00,59,
2026.09.11 06:54:00,06:54:00,81,
2026.09.11 06:58:00,06:58:00,84,
2026.09.11 07:00:00,07:00:00,51,
2026.09.11 07:01:00,07:01:00,78,
2026.09.11 07:08:00,07:08:00,45,
2026.09.11 07:09:00,07:09:00,44,
2026.09.11 07:11:00,07:11:00,47,
2026.09.11 07:17:00,07:17:00,39,
2026.09.11 07:18:00,07:18:00,44,
2026.09.11 07:19:00,07:19:00,45,
2026.09.11 07:24:00,07:24:00,75,
2026.09.11 07:34:00,07:34:00,48,
2026.09.11 07:37:00,07:37:00,70,
2026.09.11 07:40:00,07:40:00,48,
2026.09.11 07:41:00,07:41:00,48,
2026.09.11 07:44:00,07:44:00,73,
2026.09.11 07:45:00,07:45:00,66,
2026.09.11 07:50:00,07:50:00,49,
2026.09.11 07:51:00,07:51:00,49,
2026.09.11 07:54:00,07:54:00,47,
2026.09.11 08:02:00,08:02:00,47,
2026.09.11 08:07:00,08:07:00,88,
2026.09.11 08:09:00,08:09:00,83,
2026.09.11 08:10:00,08:10:00,78,
2026.09.11 08:16:00,08:16:00,51,
2026.09.11 08:17:00,08:17:00,57,
2026.09.11 08:18:00,08:18:00,79,
2026.09.11 08:20:00,08:20:00,82,
2026.09.11 08:21:00,08:21:00,84,
2026.09.11 08:22:00,08:22:00,101,
2026.09.11 08:24:00,08:24:00,47,
2026.09.11 08:26:00,08:26:00,78,
2026.09.11 08:27:00,08:27:00,46,
2026.09.11 08:28:00,08:28:00,49,
2026.09.11 08:31:00,08:31:00,49,
2026.09.11 08:32:00,08:32:00,46,
2026.09.11 08:38:00,08:38:00,83,
2026.09.11 08:39:00,08:39:00,80,
2026.09.11 08:45:00,08:45:00,81,
2026.09.11 08:46:00,08:46:00,74,
2026.09.11 08:47:00,08:47:00,80,
2026.09.11 08:55:00,08:55:00,50,
2026.09.11 08:57:00,08:57:00,49,
2026.09.11 09:00:00,09:00:00,80,
2026.09.11 09:02:00,09:02:00,51,
2026.09.11 09:03:00,09:03:00,51,
2026.09.11 09:04:00,09:04:00,55,
2026.09.11 09:05:00,09:05:00,56,
2026.09.11 09:06:00,09:06:00,56,
2026.09.11 09:07:00,09:07:00,71,
2026.09.11 09:16:00,09:16:00,49,
2026.09.11 09:18:00,09:18:00,85,
2026.09.11 09:20:00,09:20:00,56,
2026.09.11 09:21:00,09:21:00,87,
2026.09.11 09:22:00,09:22:00,70,
2026.09.11 09:23:00,09:23:00,77,
2026.09.11 09:26:00,09:26:00,53,
2026.09.11 09:27:00,09:27:00,53,
2026.09.11 09:28:00,09:28:00,65,
2026.09.11 09:29:00,09:29:00,52,
2026.09.11 09:30:00,09:30:00,58,
2026.09.11 09:35:00,09:35:00,48,
2026.09.11 09:36:00,09:36:00,50,
2026.09.11 09:40:00,09:40:00,50,
2026.09.11 09:41:00,09:41:00,82,
2026.09.11 09:42:00,09:42:00,88,
2026.09.11 09:43:00,09:43:00,87,
2026.09.11 09:44:00,09:44:00,95,
2026.09.11 09:45:00,09:45:00,89,
2026.09.11 09:46:00,09:46:00,82,
2026.09.11 09:48:00,09:48:00,63,
2026.09.11 09:49:00,09:49:00,73,
2026.09.11 09:50:00,09:50:00,73,
2026.09.11 09:53:00,09:53:00,62,
2026.09.11 09:54:00,09:54:00,79,
2026.09.11 09:56:00,09:56:00,79,
2026.09.11 09:57:00,09:57:00,67,
2026.09.11 09:58:00,09:58:00,67,
2026.09.11 09:59:00,09:59:00,88,
2026.09.11 10:01:00,10:01:00,76,
2026.09.11 10:06:00,10:06:00,81,
2026.09.11 10:07:00,10:07:00,76,
2026.09.11 10:08:00,10:08:00,58,
2026.09.11 10:10:00,10:10:00,62,
2026.09.11 10:12:00,10:12:00,61,
2026.09.11 10:13:00,10:13:00,83,
2026.09.11 10:15:00,10:15:00,61,
2026.09.11 10:19:00,10:19:00,84,
2026.09.11 10:21:00,10:21:00,58,
2026.09.11 10:25:00,10:25:00,60,
2026.09.11 10:28:00,10:28:00,58,
2026.09.11 10:32:00,10:32:00,54,
2026.09.11 10:34:00,10:34:00,84,
2026.09.11 10:40:00,10:40:00,67,
2026.09.11 10:45:00,10:45:00,80,
2026.09.11 10:46:00,10:46:00,76,
2026.09.11 10:47:00,10:47:00,74,
2026.09.11 10:48:00,10:48:00,78,
2026.09.11 10:49:00,10:49:00,73,
2026.09.11 10:50:00,10:50:00,70,
2026.09.11 10:51:00,10:51:00,94,
2026.09.11 10:52:00,10:52:00,87,
2026.09.11 10:53:00,10:53:00,68,
2026.09.11 10:54:00,10:54:00,77,
2026.09.11 10:55:00,10:55:00,67,
2026.09.11 10:56:00,10:56:00,89,
2026.09.11 10:57:00,10:57:00,76,
2026.09.11 10:59:00,10:59:00,61,
2026.09.11 11:02:00,11:02:00,65,
2026.09.11 11:03:00,11:03:00,61,
2026.09.11 11:06:00,11:06:00,59,
2026.09.11 11:07:00,11:07:00,77,
2026.09.11 11:08:00,11:08:00,62,
2026.09.11 11:09:00,11:09:00,62,
2026.09.11 11:10:00,11:10:00,68,
2026.09.11 11:11:00,11:11:00,68,
2026.09.11 11:12:00,11:12:00,62,
2026.09.11 11:13:00,11:13:00,64,
2026.09.11 11:14:00,11:14:00,58,
2026.09.11 11:15:00,11:15:00,105,
2026.09.11 11:16:00,11:16:00,65,
2026.09.11 11:17:00,11:17:00,85,
2026.09.11 11:19:00,11:19:00,65,
2026.09.11 11:21:00,11:21:00,78,
2026.09.11 11:23:00,11:23:00,75,
2026.09.11 11:24:00,11:24:00,58,
2026.09.11 11:26:00,11:26:00,76,
2026.09.11 11:27:00,11:27:00,82,
2026.09.11 11:29:00,11:29:00,62,
2026.09.11 11:30:00,11:30:00,61,
2026.09.11 11:31:00,11:31:00,107,
2026.09.11 11:34:00,11:34:00,65,
2026.09.11 11:36:00,11:36:00,81,
2026.09.11 11:39:00,11:39:00,83,
2026.09.11 11:42:00,11:42:00,86,
2026.09.11 11:43:00,11:43:00,55,
2026.09.11 11:44:00,11:44:00,56,
2026.09.11 11:46:00,11:46:00,59,
2026.09.11 11:47:00,11:47:00,61,
2026.09.11 11:52:00,11:52:00,71,
2026.09.11 11:54:00,11:54:00,71,
2026.09.11 11:55:00,11:55:00,53,
2026.09.11 11:56:00,11:56:00,85,
2026.09.11 11:57:00,11:57:00,54,
2026.09.11 11:58:00,11:58:00,53,
2026.09.11 11:59:00,11:59:00,77,
2026.09.11 12:00:00,12:00:00,53,
2026.09.11 12:01:00,12:01:00,84,
2026.09.11 12:05:00,12:05:00,45,
2026.09.11 12:06:00,12:06:00,49,
2026.09.11 12:07:00,12:07:00,58,
2026.09.11 12:11:00,12:11:00,84,
2026.09.11 12:12:00,12:12:00,53,
2026.09.11 12:13:00,12:13:00,46,
2026.09.11 12:22:00,12:22:00,50,
2026.09.11 12:23:00,12:23:00,49,
2026.09.11 12:28:00,12:28:00,80,
2026.09.11 12:29:00,12:29:00,55,
2026.09.11 12:30:00,12:30:00,54,
2026.09.11 12:32:00,12:32:00,86,
2026.09.11 12:33:00,12:33:00,80,
2026.09.11 12:34:00,12:34:00,97,
2026.09.11 12:39:00,12:39:00,86,
2026.09.11 12:41:00,12:41:00,91,
2026.09.11 12:42:00,12:42:00,81,
2026.09.11 12:44:00,12:44:00,95,
2026.09.11 12:48:00,12:48:00,89,
2026.09.11 12:49:00,12:49:00,84,
2026.09.11 12:50:00,12:50:00,75,
2026.09.11 12:51:00,12:51:00,83,
2026.09.11 12:52:00,12:52:00,95,
2026.09.11 12:53:00,12:53:00,83,
2026.09.11 12:54:00,12:54:00,78,
2026.09.11 12:56:00,12:56:00,81,
2026.09.11 12:57:00,12:57:00,90,
2026.09.11 12:58:00,12:58:00,80,
2026.09.11 13:00:00,13:00:00,80,
2026.09.11 13:01:00,13:01:00,89,
2026.09.11 13:05:00,13:05:00,61,
2026.09.11 13:06:00,13:06:00,60,
2026.09.11 13:07:00,13:07:00,59,
2026.09.11 13:08:00,13:08:00,53,
2026.09.11 13:10:00,13:10:00,77,
2026.09.11 13:13:00,13:13:00,78,
2026.09.11 13:14:00,13:14:00,83,
2026.09.11 13:15:00,13:15:00,93,
2026.09.11 13:16:00,13:16:00,58,
2026.09.11 13:18:00,13:18:00,58,
2026.09.11 13:19:00,13:19:00,61,
2026.09.11 13:22:00,13:22:00,62,
2026.09.11 13:23:00,13:23:00,61,
2026.09.11 13:24:00,13:24:00,59,
2026.09.11 13:25:00,13:25:00,61,
2026.09.11 13:26:00,13:26:00,59,
2026.09.11 13:27:00,13:27:00,61,
2026.09.11 13:28:00,13:28:00,74,
2026.09.11 13:29:00,13:29:00,67,
2026.09.11 13:36:00,13:36:00,82,
2026.09.11 13:37:00,13:37:00,115,
2026.09.11 13:38:00,13:38:00,105,
2026.09.11 13:39:00,13:39:00,81,
2026.09.11 13:40:00,13:40:00,76,
2026.09.11 13:41:00,13:41:00,83,
2026.09.11 13:45:00,13:45:00,80,
2026.09.11 13:46:00,13:46:00,111,
2026.09.11 13:47:00,13:47:00,113,
2026.09.11 13:51:00,13:51:00,76,
2026.09.11 13:52:00,13:52:00,71,
2026.09.11 13:53:00,13:53:00,78,
2026.09.11 13:55:00,13:55:00,60,
2026.09.11 13:56:00,13:56:00,76,
2026.09.11 13:57:00,13:57:00,60,
2026.09.11 13:58:00,13:58:00,92,
2026.09.11 13:59:00,13:59:00,85,
2026.09.11 14:01:00,14:01:00,63,
2026.09.11 14:02:00,14:02:00,71,
2026.09.11 14:03:00,14:03:00,65,
2026.09.11 14:04:00,14:04:00,64,
2026.09.11 14:05:00,14:05:00,67,
2026.09.11 14:06:00,14:06:00,64,
2026.09.11 14:07:00,14:07:00,70,
2026.09.11 14:12:00,14:12:00,92,
2026.09.11 14:13:00,14:13:00,72,
2026.09.11 14:14:00,14:14:00,61,
2026.09.11 14:15:00,14:15:00,70,
2026.09.11 14:16:00,14:16:00,56,
2026.09.11 14:17:00,14:17:00,83,
2026.09.11 14:18:00,14:18:00,83,
2026.09.11 14:19:00,14:19:00,64,
2026.09.11 14:20:00,14:20:00,67,
2026.09.11 14:21:00,14:21:00,80,
2026.09.11 14:24:00,14:24:00,95,
2026.09.11 14:25:00,14:25:00,71,
2026.09.11 14:26:00,14:26:00,68,
2026.09.11 14:27:00,14:27:00,92,
2026.09.11 14:28:00,14:28:00,78,
2026.09.11 14:29:00,14:29:00,74,
2026.09.11 14:30:00,14:30:00,66,
2026.09.11 14:31:00,14:31:00,77,
2026.09.11 14:33:00,14:33:00,66,
2026.09.11 14:34:00,14:34:00,61,
2026.09.11 14:35:00,14:35:00,59,
2026.09.11 14:36:00,14:36:00,62,
2026.09.11 14:40:00,14:40:00,76,
2026.09.11 14:41:00,14:41:00,60,
2026.09.11 14:42:00,14:42:00,71,
2026.09.11 14:43:00,14:43:00,99,
2026.09.11 14:44:00,14:44:00,81,
2026.09.11 14:45:00,14:45:00,83,
2026.09.11 14:46:00,14:46:00,53,
2026.09.11 14:50:00,14:50:00,72,
2026.09.11 14:51:00,14:51:00,63,
2026.09.11 14:52:00,14:52:00,65,
2026.09.11 14:53:00,14:53:00,68,
2026.09.11 14:54:00,14:54:00,63,
2026.09.11 14:55:00,14:55:00,66,
2026.09.11 14:56:00,14:56:00,71,
2026.09.11 14:57:00,14:57:00,57,
2026.09.11 15:01:00,15:01:00,79,
2026.09.11 15:02:00,15:02:00,80,
2026.09.11 15:03:00,15:03:00,60,
2026.09.11 15:05:00,15:05:00,74,
2026.09.11 15:06:00,15:06:00,80,
2026.09.11 15:07:00,15:07:00,77,
2026.09.11 15:08:00,15:08:00,85,
2026.09.11 15:09:00,15:09:00,69,
2026.09.11 15:10:00,15:10:00,78,
2026.09.11 15:11:00,15:11:00,81,
2026.09.11 15:12:00,15:12:00,81,
2026.09.11 15:14:00,15:14:00,84,
2026.09.11 15:15:00,15:15:00,88,
2026.09.11 15:16:00,15:16:00,75,
2026.09.11 15:17:00,15:17:00,80,
2026.09.11 15:18:00,15:18:00,83,
2026.09.11 15:19:00,15:19:00,91,
2026.09.11 15:20:00,15:20:00,87,
2026.09.11 15:21:00,15:21:00,71,
2026.09.11 15:22:00,15:22:00,78,
2026.09.11 15:23:00,15:23:00,79,
2026.09.11 15:24:00,15:24:00,83,
2026.09.11 15:25:00,15:25:00,78,
2026.09.11 15:26:00,15:26:00,85,
2026.09.11 15:27:00,15:27:00,76,
2026.09.11 15:28:00,15:28:00,69,
2026.09.11 15:30:00,15:30:00,78,
2026.09.11 15:31:00,15:31:00,82,
2026.09.11 15:33:00,15:33:00,84,
2026.09.11 15:36:00,15:36:00,92,
2026.09.11 15:37:00,15:37:00,87,
2026.09.11 15:38:00,15:38:00,82,
2026.09.11 15:39:00,15:39:00,83,
2026.09.11 15:40:00,15:40:00,78,
2026.09.11 15:41:00,15:41:00,86,
2026.09.11 15:42:00,15:42:00,70,
2026.09.11 15:43:00,15:43:00,71,
2026.09.11 15:46:00,15:46:00,60,
2026.09.11 15:49:00,15:49:00,62,
2026.09.11 15:52:00,15:52:00,58,
2026.09.11 15:53:00,15:53:00,58,
2026.09.11 15:54:00,15:54:00,58,
2026.09.11 15:55:00,15:55:00,57,
2026.09.11 15:56:00,15:56:00,59,
2026.09.11 15:57:00,15:57:00,60,
2026.09.11 15:58:00,15:58:00,58,
2026.09.11 15:59:00,15:59:00,86,
2026.09.11 16:00:00,16:00:00,86,
2026.09.11 16:02:00,16:02:00,75,
2026.09.11 16:03:00,16:03:00,83,
2026.09.11 16:04:00,16:04:00,83,
2026.09.11 16:06:00,16:06:00,57,
2026.09.11 16:07:00,16:07:00,86,
2026.09.11 16:08:00,16:08:00,69,
2026.09.11 16:09:00,16:09:00,60,
2026.09.11 16:10:00,16:10:00,66,
2026.09.11 16:11:00,16:11:00,63,
2026.09.11 16:16:00,16:16:00,54,
2026.09.11 16:20:00,16:20:00,61,
2026.09.11 16:21:00,16:21:00,62,
2026.09.11 16:22:00,16:22:00,60,
2026.09.11 16:23:00,16:23:00,58,
2026.09.11 16:24:00,16:24:00,51,
2026.09.11 16:25:00,16:25:00,66,
2026.09.11 16:27:00,16:27:00,64,
2026.09.11 16:28:00,16:28:00,58,
2026.09.11 16:29:00,16:29:00,68,
2026.09.11 16:31:00,16:31:00,64,
2026.09.11 16:32:00,16:32:00,64,
2026.09.11 16:34:00,16:34:00,76,
2026.09.11 16:38:00,16:38:00,87,
2026.09.11 16:39:00,16:39:00,91,
2026.09.11 16:40:00,16:40:00,66,
2026.09.11 16:42:00,16:42:00,61,
2026.09.11 16:43:00,16:43:00,76,
2026.09.11 16:44:00,16:44:00,69,
2026.09.11 16:46:00,16:46:00,95,
2026.09.11 16:47:00,16:47:00,57,
2026.09.11 16:48:00,16:48:00,88,
2026.09.11 16:49:00,16:49:00,88,
2026.09.11 16:51:00,16:51:00,74,
2026.09.11 16:53:00,16:53:00,62,
2026.09.11 16:54:00,16:54:00,63,
2026.09.11 16:55:00,16:55:00,63,
2026.09.11 16:56:00,16:56:00,81,
2026.09.11 16:58:00,16:58:00,68,
2026.09.11 16:59:00,16:59:00,106,
2026.09.11 17:00:00,17:00:00,64,
2026.09.11 17:01:00,17:01:00,64,
2026.09.11 17:02:00,17:02:00,76,
2026.09.11 17:04:00,17:04:00,61,
2026.09.11 17:05:00,17:05:00,83,
2026.09.11 17:07:00,17:07:00,61,
2026.09.11 17:08:00,17:08:00,62,
2026.09.11 17:11:00,17:11:00,62,
2026.09.11 17:12:00,17:12:00,60,
2026.09.11 17:14:00,17:14:00,63,
2026.09.11 17:16:00,17:16:00,70,
2026.09.11 17:17:00,17:17:00,79,
2026.09.11 17:18:00,17:18:00,86,
2026.09.11 17:19:00,17:19:00,79,
2026.09.11 17:20:00,17:20:00,57,
2026.09.11 17:21:00,17:21:00,59,
2026.09.11 17:22:00,17:22:00,55,
2026.09.11 17:23:00,17:23:00,53,
2026.09.11 17:26:00,17:26:00,83,
2026.09.11 17:27:00,17:27:00,67,
2026.09.11 17:28:00,17:28:00,55,
2026.09.11 17:29:00,17:29:00,58,
2026.09.11 17:30:00,17:30:00,53,
2026.09.11 17:32:00,17:32:00,55,
2026.09.11 17:34:00,17:34:00,57,
2026.09.11 17:35:00,17:35:00,60,
2026.09.11 17:36:00,17:36:00,76,
2026.09.11 17:37:00,17:37:00,69,
2026.09.11 17:38:00,17:38:00,79,
2026.09.11 17:41:00,17:41:00,77,
2026.09.11 17:42:00,17:42:00,74,
2026.09.11 17:44:00,17:44:00,60,
2026.09.11 17:47:00,17:47:00,72,
2026.09.11 17:48:00,17:48:00,85,
2026.09.11 17:49:00,17:49:00,60,
2026.09.11 17:50:00,17:50:00,64,
2026.09.11 17:51:00,17:51:00,69,
2026.09.11 17:52:00,17:52:00,64,
2026.09.11 17:53:00,17:53:00,73,
2026.09.11 17:55:00,17:55:00,59,
2026.09.11 17:56:00,17:56:00,68,
2026.09.11 17:57:00,17:57:00,61,
2026.09.11 17:58:00,17:58:00,68,
2026.09.11 18:00:00,18:00:00,61,
2026.09.11 18:01:00,18:01:00,94,
2026.09.11 18:02:00,18:02:00,65,
2026.09.11 18:04:00,18:04:00,64,
2026.09.11 18:05:00,18:05:00,63,
2026.09.11 18:06:00,18:06:00,84,
2026.09.11 18:07:00,18:07:00,85,
2026.09.11 18:08:00,18:08:00,84,
2026.09.11 18:09:00,18:09:00,82,
2026.09.11 18:10:00,18:10:00,55,
2026.09.11 18:11:00,18:11:00,61,
2026.09.11 18:12:00,18:12:00,86,
2026.09.11 18:14:00,18:14:00,71,
2026.09.11 18:15:00,18:15:00,58,
2026.09.11 18:16:00,18:16:00,65,
2026.09.11 18:17:00,18:17:00,79,
2026.09.11 18:18:00,18:18:00,70,
2026.09.11 18:19:00,18:19:00,84,
2026.09.11 18:22:00,18:22:00,81,
2026.09.11 18:23:00,18:23:00,63,
2026.09.11 18:24:00,18:24:00,86,
2026.09.11 18:25:00,18:25:00,73,
2026.09.11 18:26:00,18:26:00,75,
2026.09.11 18:27:00,18:27:00,67,
2026.09.11 18:30:00,18:30:00,58,
2026.09.11 18:32:00,18:32:00,107,
2026.09.11 18:33:00,18:33:00,62,
2026.09.11 18:34:00,18:34:00,63,
2026.09.11 18:35:00,18:35:00,60,
2026.09.11 18:36:00,18:36:00,78,
2026.09.11 18:38:00,18:38:00,82,
2026.09.11 18:41:00,18:41:00,59,
2026.09.11 18:42:00,18:42:00,57,
2026.09.11 18:43:00,18:43:00,75,
2026.09.11 18:44:00,18:44:00,70,
2026.09.11 18:45:00,18:45:00,51,
2026.09.11 18:48:00,18:48:00,56,
2026.09.11 18:49:00,18:49:00,63,
2026.09.11 18:50:00,18:50:00,64,
2026.09.11 18:51:00,18:51:00,61,
2026.09.11 18:53:00,18:53:00,65,
2026.09.11 18:54:00,18:54:00,74,
2026.09.11 18:55:00,18:55:00,63,
2026.09.11 18:57:00,18:57:00,85,
2026.09.11 18:58:00,18:58:00,59,
2026.09.11 18:59:00,18:59:00,75,
2026.09.11 19:00:00,19:00:00,67,
2026.09.11 19:01:00,19:01:00,67,
2026.09.11 19:02:00,19:02:00,73,
2026.09.11 19:03:00,19:03:00,73,
2026.09.11 19:04:00,19:04:00,83,
2026.09.11 19:05:00,19:05:00,63,
2026.09.11 19:07:00,19:07:00,85,
2026.09.11 19:08:00,19:08:00,72,
2026.09.11 19:09:00,19:09:00,66,
2026.09.11 19:11:00,19:11:00,84,
2026.09.11 19:12:00,19:12:00,67,
2026.09.11 19:13:00,19:13:00,73,
2026.09.11 19:14:00,19:14:00,76,
2026.09.11 19:16:00,19:16:00,69,
2026.09.11 19:17:00,19:17:00,67,
2026.09.11 19:18:00,19:18:00,63,
2026.09.11 19:21:00,19:21:00,65,
2026.09.11 19:22:00,19:22:00,63,
2026.09.11 19:23:00,19:23:00,68,
2026.09.11 19:32:00,19:32:00,105,
2026.09.11 19:33:00,19:33:00,69,
2026.09.11 19:36:00,19:36:00,70,
2026.09.11 19:39:00,19:39:00,69,
2026.09.11 19:40:00,19:40:00,68,
2026.09.11 19:41:00,19:41:00,64,
2026.09.11 19:46:00,19:46:00,65,
2026.09.11 19:47:00,19:47:00,70,
2026.09.11 19:48:00,19:48:00,93,
2026.09.11 19:50:00,19:50:00,84,
2026.09.11 19:53:00,19:53:00,76,
2026.09.11 19:54:00,19:54:00,68,
2026.09.11 19:56:00,19:56:00,71,
2026.09.11 19:57:00,19:57:00,71,
2026.09.11 19:59:00,19:59:00,62,
2026.09.11 20:01:00,20:01:00,62,
2026.09.11 20:02:00,20:02:00,65,
2026.09.11 20:04:00,20:04:00,65,
2026.09.11 20:05:00,20:05:00,64,
2026.09.11 20:07:00,20:07:00,63,
2026.09.11 20:08:00,20:08:00,63,
2026.09.11 20:09:00,20:09:00,61,
2026.09.11 20:10:00,20:10:00,64,
2026.09.11 20:15:00,20:15:00,78,
2026.09.11 20:16:00,20:16:00,71,
2026.09.11 20:17:00,20:17:00,75,
2026.09.11 20:18:00,20:18:00,78,
2026.09.11 20:19:00,20:19:00,80,
2026.09.11 20:21:00,20:21:00,77,
2026.09.11 20:23:00,20:23:00,81,
2026.09.11 20:24:00,20:24:00,85,
2026.09.11 20:25:00,20:25:00,67,
2026.09.11 20:26:00,20:26:00,64,
2026.09.11 20:27:00,20:27:00,66,
2026.09.11 20:28:00,20:28:00,80,
2026.09.11 20:32:00,20:32:00,73,
2026.09.11 20:35:00,20:35:00,104,
2026.09.11 20:36:00,20:36:00,68,
2026.09.11 20:42:00,20:42:00,74,
2026.09.11 20:46:00,20:46:00,67,
2026.09.11 20:48:00,20:48:00,78,
2026.09.11 20:50:00,20:50:00,64,
2026.09.11 20:53:00,20:53:00,65,
2026.09.11 20:54:00,20:54:00,64,
2026.09.11 20:58:00,20:58:00,66,
2026.09.11 21:01:00,21:01:00,80,
2026.09.11 21:02:00,21:02:00,80,
2026.09.11 21:06:00,21:06:00,64,
2026.09.11 21:07:00,21:07:00,65,
2026.09.11 21:09:00,21:09:00,76,
2026.09.11 21:11:00,21:11:00,63,
2026.09.11 21:12:00,21:12:00,65,
2026.09.11 21:13:00,21:13:00,83,
2026.09.11 21:14:00,21:14:00,77,
2026.09.11 21:15:00,21:15:00,62,
2026.09.11 21:16:00,21:16:00,67,
2026.09.11 21:17:00,21:17:00,62,
2026.09.11 21:18:00,21:18:00,85,
2026.09.11 21:19:00,21:19:00,64,
2026.09.11 21:20:00,21:20:00,65,
2026.09.11 21:21:00,21:21:00,82,
2026.09.11 21:24:00,21:24:00,74,
2026.09.11 21:26:00,21:26:00,62,
2026.09.11 21:30:00,21:30:00,64,
2026.09.11 21:31:00,21:31:00,73,
2026.09.11 21:33:00,21:33:00,63,
2026.09.11 21:35:00,21:35:00,59,
2026.09.11 21:36:00,21:36:00,66,
2026.09.11 21:39:00,21:39:00,65,
2026.09.11 21:42:00,21:42:00,66,
2026.09.11 21:43:00,21:43:00,70,
2026.09.11 21:44:00,21:44:00,65,
2026.09.11 21:45:00,21:45:00,67,
2026.09.11 21:46:00,21:46:00,62,
2026.09.11 21:47:00,21:47:00,78,
2026.09.11 21:48:00,21:48:00,68,
2026.09.11 21:49:00,21:49:00,77,
2026.09.11 21:50:00,21:50:00,69,
2026.09.11 21:51:00,21:51:00,62,
2026.09.11 21:52:00,21:52:00,81,
2026.09.11 21:54:00,21:54:00,67,
2026.09.11 21:56:00,21:56:00,66,
2026.09.11 21:57:00,21:57:00,79,
2026.09.11 21:58:00,21:58:00,68,
2026.09.11 21:59:00,21:59:00,67,
2026.09.11 22:01:00,22:01:00,82,
2026.09.11 22:02:00,22:02:00,75,
2026.09.11 22:03:00,22:03:00,86,
2026.09.11 22:04:00,22:04:00,95,
2026.09.11 22:05:00,22:05:00,70,
2026.09.11 22:06:00,22:06:00,69,
2026.09.11 22:07:00,22:07:00,71,
2026.09.11 22:08:00,22:08:00,69,
2026.09.11 22:09:00,22:09:00,56,
2026.09.11 22:10:00,22:10:00,103,
2026.09.11 22:11:00,22:11:00,60,
2026.09.11 22:12:00,22:12:00,59,
2026.09.11 22:13:00,22:13:00,62,
2026.09.11 22:14:00,22:14:00,84,
2026.09.11 22:15:00,22:15:00,85,
2026.09.11 22:16:00,22:16:00,69,
2026.09.11 22:18:00,22:18:00,65,
2026.09.11 22:19:00,22:19:00,77,
2026.09.11 22:20:00,22:20:00,69,
2026.09.11 22:21:00,22:21:00,62,
2026.09.11 22:22:00,22:22:00,60,
2026.09.11 22:23:00,22:23:00,66,
2026.09.11 22:24:00,22:24:00,62,
2026.09.11 22:25:00,22:25:00,78,
2026.09.11 22:27:00,22:27:00,62,
2026.09.11 22:29:00,22:29:00,62,
2026.09.11 22:30:00,22:30:00,64,
2026.09.11 22:32:00,22:32:00,60,
2026.09.11 22:33:00,22:33:00,65,
2026.09.11 22:34:00,22:34:00,84,
2026.09.11 22:35:00,22:35:00,67,
2026.09.11 22:36:00,22:36:00,60,
2026.09.11 22:39:00,22:39:00,79,
2026.09.11 22:43:00,22:43:00,59,
2026.09.11 22:44:00,22:44:00,83,
2026.09.11 22:45:00,22:45:00,59,
2026.09.11 22:46:00,22:46:00,59,
2026.09.11 22:49:00,22:49:00,66,
2026.09.11 22:50:00,22:50:00,95,
2026.09.11 22:51:00,22:51:00,85,
2026.09.11 22:54:00,22:54:00,83,
2026.09.11 22:55:00,22:55:00,96,
2026.09.11 22:56:00,22:56:00,65,
2026.09.11 22:58:00,22:58:00,75,
2026.09.11 22:59:00,22:59:00,75,
2026.09.11 23:00:00,23:00:00,64,
2026.09.11 23:01:00,23:01:00,78,
2026.09.11 23:02:00,23:02:00,88,
2026.09.11 23:05:00,23:05:00,83,
2026.09.11 23:06:00,23:06:00,90,
2026.09.11 23:07:00,23:07:00,88,
2026.09.11 23:08:00,23:08:00,91,
2026.09.11 23:09:00,23:09:00,90,
2026.09.11 23:10:00,23:10:00,73,
2026.09.11 23:11:00,23:11:00,60,
2026.09.11 23:12:00,23:12:00,69,
2026.09.11 23:14:00,23:14:00,103,
2026.09.11 23:15:00,23:15:00,83,
2026.09.11 23:16:00,23:16:00,83,
2026.09.11 23:17:00,23:17:00,83,
2026.09.11 23:19:00,23:19:00,95,
2026.09.11 23:20:00,23:20:00,93,
2026.09.11 23:23:00,23:23:00,84,
2026.09.11 23:24:00,23:24:00,84,
2026.09.11 23:26:00,23:26:00,80,
2026.09.11 23:27:00,23:27:00,74,
2026.09.11 23:28:00,23:28:00,78,
2026.09.11 23:29:00,23:29:00,73,
2026.09.11 23:32:00,23:32:00,67,
2026.09.11 23:33:00,23:33:00,75,
2026.09.11 23:35:00,23:35:00,75,
2026.09.11 23:36:00,23:36:00,61,
2026.09.11 23:37:00,23:37:00,82,
2026.09.11 23:38:00,23:38:00,68,
2026.09.11 23:39:00,23:39:00,69,
2026.09.11 23:40:00,23:40:00,66,
2026.09.11 23:41:00,23:41:00,70,
2026.09.11 23:42:00,23:42:00,66,
2026.09.11 23:43:00,23:43:00,72,
2026.09.11 23:44:00,23:44:00,122,
2026.09.11 23:45:00,23:45:00,68,
2026.09.11 23:46:00,23:46:00,73,
2026.09.11 23:47:00,23:47:00,65,
2026.09.11 23:48:00,23:48:00,93,
2026.09.11 23:52:00,23:52:00,61,
2026.09.11 23:53:00,23:53:00,64,
2026.09.11 23:54:00,23:54:00,84,
2026.09.11 23:56:00,23:56:00,60,
2026.09.11 23:58:00,23:58:00,67,
2026.09.11 23:59:00,23:59:00,66,
